season,team,age
2024-01-01,Atlanta Hawks,26.2
2024-01-01,Boston Celtics,28.2
2024-01-01,Brooklyn Nets,26.1
2024-01-01,Chicago Bulls,28.1
2024-01-01,Charlotte Hornets,25.1
2024-01-01,Cleveland Cavaliers,26.2
2024-01-01,Dallas Mavericks,26.5
2024-01-01,Denver Nuggets,27.1
2024-01-01,Detroit Pistons,23.8
2024-01-01,Golden State Warriors,28.4
2024-01-01,Houston Rockets,25.1
2024-01-01,Indiana Pacers,25.3
2024-01-01,Los Angeles Clippers,30.4
2024-01-01,Los Angeles Lakers,28.0
2024-01-01,Memphis Grizzlies,24.4
2024-01-01,Miami Heat,28.0
2024-01-01,Milwaukee Bucks,30.2
2024-01-01,Minnesota Timberwolves,27.2
2024-01-01,New Orleans Pelicans,26.0
2024-01-01,New York Knicks,26.4
2024-01-01,Oklahoma City Thunder,23.4
2024-01-01,Orlando Magic,24.0
2024-01-01,Philadelphia 76ers,28.4
2024-01-01,Phoenix Suns,29.3
2024-01-01,Portland Trail Blazers,24.1
2024-01-01,Sacramento Kings,26.4
2024-01-01,San Antonio Spurs,23.0
2024-01-01,Toronto Raptors,25.9
2024-01-01,Utah Jazz,25.1
2024-01-01,Washington Wizards,24.9
2024-01-01,League Average,26.6
2023-01-01,Atlanta Hawks,24.9
2023-01-01,Boston Celtics,27.4
2023-01-01,Brooklyn Nets,28.0
2023-01-01,Chicago Bulls,27.5
2023-01-01,Charlotte Hornets,25.3
2023-01-01,Cleveland Cavaliers,25.4
2023-01-01,Dallas Mavericks,27.8
2023-01-01,Denver Nuggets,26.6
2023-01-01,Detroit Pistons,24.1
2023-01-01,Golden State Warriors,27.3
2023-01-01,Houston Rockets,22.1
2023-01-01,Indiana Pacers,24.5
2023-01-01,Los Angeles Clippers,29.7
2023-01-01,Los Angeles Lakers,27.9
2023-01-01,Memphis Grizzlies,24.4
2023-01-01,Miami Heat,27.7
2023-01-01,Milwaukee Bucks,29.8
2023-01-01,Minnesota Timberwolves,25.8
2023-01-01,New Orleans Pelicans,25.9
2023-01-01,New York Knicks,24.5
2023-01-01,Oklahoma City Thunder,22.8
2023-01-01,Orlando Magic,23.1
2023-01-01,Philadelphia 76ers,28.2
2023-01-01,Phoenix Suns,28.1
2023-01-01,Portland Trail Blazers,25.1
2023-01-01,Sacramento Kings,25.4
2023-01-01,San Antonio Spurs,23.9
2023-01-01,Toronto Raptors,25.8
2023-01-01,Utah Jazz,26.5
2023-01-01,Washington Wizards,26.2
2023-01-01,League Average,26.3
2022-01-01,Atlanta Hawks,26.1
2022-01-01,Boston Celtics,26.1
2022-01-01,Brooklyn Nets,29.1
2022-01-01,Chicago Bulls,26.3
2022-01-01,Charlotte Hornets,25.5
2022-01-01,Cleveland Cavaliers,24.7
2022-01-01,Dallas Mavericks,26.7
2022-01-01,Denver Nuggets,27.7
2022-01-01,Detroit Pistons,23.6
2022-01-01,Golden State Warriors,27.6
2022-01-01,Houston Rockets,24.1
2022-01-01,Indiana Pacers,26.0
2022-01-01,Los Angeles Clippers,27.5
2022-01-01,Los Angeles Lakers,30.2
2022-01-01,Memphis Grizzlies,24.0
2022-01-01,Miami Heat,28.2
2022-01-01,Milwaukee Bucks,28.5
2022-01-01,Minnesota Timberwolves,24.2
2022-01-01,New Orleans Pelicans,25.6
2022-01-01,New York Knicks,26.0
2022-01-01,Oklahoma City Thunder,22.4
2022-01-01,Orlando Magic,23.3
2022-01-01,Philadelphia 76ers,26.8
2022-01-01,Phoenix Suns,27.5
2022-01-01,Portland Trail Blazers,25.6
2022-01-01,Sacramento Kings,25.8
2022-01-01,San Antonio Spurs,24.5
2022-01-01,Toronto Raptors,24.8
2022-01-01,Utah Jazz,29.3
2022-01-01,Washington Wizards,25.9
2022-01-01,League Average,26.3
2021-01-01,Atlanta Hawks,25.4
2021-01-01,Boston Celtics,25.1
2021-01-01,Brooklyn Nets,28.2
2021-01-01,Chicago Bulls,25.6
2021-01-01,Charlotte Hornets,24.6
2021-01-01,Cleveland Cavaliers,24.0
2021-01-01,Dallas Mavericks,26.3
2021-01-01,Denver Nuggets,26.1
2021-01-01,Detroit Pistons,24.5
2021-01-01,Golden State Warriors,26.7
2021-01-01,Houston Rockets,26.5
2021-01-01,Indiana Pacers,26.5
2021-01-01,Los Angeles Clippers,28.8
2021-01-01,Los Angeles Lakers,28.2
2021-01-01,Memphis Grizzlies,24.2
2021-01-01,Miami Heat,27.4
2021-01-01,Milwaukee Bucks,28.1
2021-01-01,Minnesota Timberwolves,23.2
2021-01-01,New Orleans Pelicans,24.8
2021-01-01,New York Knicks,25.6
2021-01-01,Oklahoma City Thunder,22.8
2021-01-01,Orlando Magic,25.6
2021-01-01,Philadelphia 76ers,27.1
2021-01-01,Phoenix Suns,26.6
2021-01-01,Portland Trail Blazers,27.4
2021-01-01,Sacramento Kings,25.6
2021-01-01,San Antonio Spurs,26.2
2021-01-01,Toronto Raptors,26.6
2021-01-01,Utah Jazz,28.5
2021-01-01,Washington Wizards,26.6
2021-01-01,League Average,26.3
2020-01-01,Atlanta Hawks,24.1
2020-01-01,Boston Celtics,25.3
2020-01-01,Brooklyn Nets,26.3
2020-01-01,Chicago Bulls,24.4
2020-01-01,Charlotte Hornets,24.3
2020-01-01,Cleveland Cavaliers,25.0
2020-01-01,Dallas Mavericks,26.1
2020-01-01,Denver Nuggets,25.6
2020-01-01,Detroit Pistons,25.9
2020-01-01,Golden State Warriors,24.4
2020-01-01,Houston Rockets,29.2
2020-01-01,Indiana Pacers,25.6
2020-01-01,Los Angeles Clippers,27.4
2020-01-01,Los Angeles Lakers,29.5
2020-01-01,Memphis Grizzlies,24.1
2020-01-01,Miami Heat,25.9
2020-01-01,Milwaukee Bucks,29.2
2020-01-01,Minnesota Timberwolves,24.8
2020-01-01,New Orleans Pelicans,25.4
2020-01-01,New York Knicks,24.5
2020-01-01,Oklahoma City Thunder,25.5
2020-01-01,Orlando Magic,26.1
2020-01-01,Philadelphia 76ers,26.3
2020-01-01,Phoenix Suns,24.6
2020-01-01,Portland Trail Blazers,27.5
2020-01-01,Sacramento Kings,27.0
2020-01-01,San Antonio Spurs,27.6
2020-01-01,Toronto Raptors,26.6
2020-01-01,Utah Jazz,27.3
2020-01-01,Washington Wizards,25.1
2020-01-01,League Average,26.2
2019-01-01,Atlanta Hawks,25.1
2019-01-01,Boston Celtics,25.7
2019-01-01,Brooklyn Nets,25.4
2019-01-01,Chicago Bulls,24.0
2019-01-01,Charlotte Hornets,26.6
2019-01-01,Cleveland Cavaliers,25.2
2019-01-01,Dallas Mavericks,26.9
2019-01-01,Denver Nuggets,24.9
2019-01-01,Detroit Pistons,26.9
2019-01-01,Golden State Warriors,28.4
2019-01-01,Houston Rockets,29.2
2019-01-01,Indiana Pacers,27.0
2019-01-01,Los Angeles Clippers,27.2
2019-01-01,Los Angeles Lakers,26.2
2019-01-01,Memphis Grizzlies,27.7
2019-01-01,Miami Heat,27.0
2019-01-01,Milwaukee Bucks,26.9
2019-01-01,Minnesota Timberwolves,26.2
2019-01-01,New Orleans Pelicans,25.7
2019-01-01,New York Knicks,23.4
2019-01-01,Oklahoma City Thunder,25.7
2019-01-01,Orlando Magic,25.7
2019-01-01,Philadelphia 76ers,26.4
2019-01-01,Phoenix Suns,24.0
2019-01-01,Portland Trail Blazers,26.2
2019-01-01,Sacramento Kings,24.8
2019-01-01,San Antonio Spurs,28.8
2019-01-01,Toronto Raptors,27.3
2019-01-01,Utah Jazz,27.3
2019-01-01,Washington Wizards,26.5
2019-01-01,League Average,26.4
2018-01-01,Atlanta Hawks,25.4
2018-01-01,Boston Celtics,24.7
2018-01-01,Brooklyn Nets,25.1
2018-01-01,Chicago Bulls,24.4
2018-01-01,Charlotte Hornets,26.6
2018-01-01,Cleveland Cavaliers,30.6
2018-01-01,Dallas Mavericks,27.7
2018-01-01,Denver Nuggets,25.1
2018-01-01,Detroit Pistons,25.9
2018-01-01,Golden State Warriors,28.8
2018-01-01,Houston Rockets,29.8
2018-01-01,Indiana Pacers,26.2
2018-01-01,Los Angeles Clippers,27.0
2018-01-01,Los Angeles Lakers,23.7
2018-01-01,Memphis Grizzlies,26.0
2018-01-01,Miami Heat,26.5
2018-01-01,Milwaukee Bucks,25.9
2018-01-01,Minnesota Timberwolves,27.1
2018-01-01,New Orleans Pelicans,27.6
2018-01-01,New York Knicks,26.3
2018-01-01,Oklahoma City Thunder,27.3
2018-01-01,Orlando Magic,25.6
2018-01-01,Philadelphia 76ers,25.8
2018-01-01,Phoenix Suns,23.7
2018-01-01,Portland Trail Blazers,25.6
2018-01-01,Sacramento Kings,26.4
2018-01-01,San Antonio Spurs,29.3
2018-01-01,Toronto Raptors,25.8
2018-01-01,Utah Jazz,26.7
2018-01-01,Washington Wizards,26.9
2018-01-01,League Average,26.6
2017-01-01,Atlanta Hawks,27.9
2017-01-01,Boston Celtics,25.9
2017-01-01,Brooklyn Nets,26.0
2017-01-01,Chicago Bulls,26.9
2017-01-01,Charlotte Hornets,26.5
2017-01-01,Cleveland Cavaliers,29.2
2017-01-01,Dallas Mavericks,27.6
2017-01-01,Denver Nuggets,25.2
2017-01-01,Detroit Pistons,25.4
2017-01-01,Golden State Warriors,28.2
2017-01-01,Houston Rockets,27.4
2017-01-01,Indiana Pacers,27.0
2017-01-01,Los Angeles Clippers,30.0
2017-01-01,Los Angeles Lakers,25.1
2017-01-01,Memphis Grizzlies,29.5
2017-01-01,Miami Heat,26.5
2017-01-01,Milwaukee Bucks,25.6
2017-01-01,Minnesota Timberwolves,24.0
2017-01-01,New Orleans Pelicans,25.7
2017-01-01,New York Knicks,27.3
2017-01-01,Oklahoma City Thunder,24.7
2017-01-01,Orlando Magic,25.3
2017-01-01,Philadelphia 76ers,24.6
2017-01-01,Phoenix Suns,25.0
2017-01-01,Portland Trail Blazers,24.8
2017-01-01,Sacramento Kings,27.9
2017-01-01,San Antonio Spurs,29.6
2017-01-01,Toronto Raptors,26.1
2017-01-01,Utah Jazz,26.8
2017-01-01,Washington Wizards,26.0
2017-01-01,League Average,26.6
2016-01-01,Atlanta Hawks,28.2
2016-01-01,Boston Celtics,25.2
2016-01-01,Brooklyn Nets,26.9
2016-01-01,Chicago Bulls,27.6
2016-01-01,Charlotte Hornets,26.0
2016-01-01,Cleveland Cavaliers,28.1
2016-01-01,Dallas Mavericks,30.3
2016-01-01,Denver Nuggets,24.7
2016-01-01,Detroit Pistons,25.0
2016-01-01,Golden State Warriors,27.4
2016-01-01,Houston Rockets,27.8
2016-01-01,Indiana Pacers,26.9
2016-01-01,Los Angeles Clippers,29.7
2016-01-01,Los Angeles Lakers,26.5
2016-01-01,Memphis Grizzlies,30.5
2016-01-01,Miami Heat,28.4
2016-01-01,Milwaukee Bucks,23.5
2016-01-01,Minnesota Timberwolves,24.6
2016-01-01,New Orleans Pelicans,26.6
2016-01-01,New York Knicks,27.2
2016-01-01,Oklahoma City Thunder,25.8
2016-01-01,Orlando Magic,23.9
2016-01-01,Philadelphia 76ers,23.3
2016-01-01,Phoenix Suns,26.0
2016-01-01,Portland Trail Blazers,24.3
2016-01-01,Sacramento Kings,26.6
2016-01-01,San Antonio Spurs,30.3
2016-01-01,Toronto Raptors,26.3
2016-01-01,Utah Jazz,24.2
2016-01-01,Washington Wizards,27.3
2016-01-01,League Average,26.8
2015-01-01,Atlanta Hawks,27.8
2015-01-01,Boston Celtics,25.0
2015-01-01,Brooklyn Nets,28.6
2015-01-01,Chicago Bulls,28.8
2015-01-01,Charlotte Hornets,26.0
2015-01-01,Cleveland Cavaliers,26.9
2015-01-01,Dallas Mavericks,29.9
2015-01-01,Denver Nuggets,26.4
2015-01-01,Detroit Pistons,25.9
2015-01-01,Golden State Warriors,26.6
2015-01-01,Houston Rockets,27.6
2015-01-01,Indiana Pacers,28.3
2015-01-01,Los Angeles Clippers,28.8
2015-01-01,Los Angeles Lakers,27.0
2015-01-01,Memphis Grizzlies,29.6
2015-01-01,Miami Heat,28.5
2015-01-01,Milwaukee Bucks,24.6
2015-01-01,Minnesota Timberwolves,24.4
2015-01-01,New Orleans Pelicans,25.3
2015-01-01,New York Knicks,26.9
2015-01-01,Oklahoma City Thunder,25.4
2015-01-01,Orlando Magic,24.3
2015-01-01,Philadelphia 76ers,23.2
2015-01-01,Phoenix Suns,25.7
2015-01-01,Portland Trail Blazers,27.0
2015-01-01,Sacramento Kings,26.0
2015-01-01,San Antonio Spurs,29.8
2015-01-01,Toronto Raptors,26.1
2015-01-01,Utah Jazz,23.4
2015-01-01,Washington Wizards,28.6
2015-01-01,League Average,26.8
2014-01-01,Atlanta Hawks,27.5
2014-01-01,Boston Celtics,25.4
2014-01-01,Brooklyn Nets,30.0
2014-01-01,Charlotte Bobcats,25.5
2014-01-01,Chicago Bulls,28.6
2014-01-01,Cleveland Cavaliers,24.9
2014-01-01,Dallas Mavericks,30.6
2014-01-01,Denver Nuggets,26.0
2014-01-01,Detroit Pistons,24.7
2014-01-01,Golden State Warriors,26.3
2014-01-01,Houston Rockets,25.4
2014-01-01,Indiana Pacers,27.2
2014-01-01,Los Angeles Clippers,28.1
2014-01-01,Los Angeles Lakers,26.8
2014-01-01,Memphis Grizzlies,28.5
2014-01-01,Miami Heat,30.6
2014-01-01,Milwaukee Bucks,24.7
2014-01-01,Minnesota Timberwolves,26.3
2014-01-01,New Orleans Pelicans,24.3
2014-01-01,New York Knicks,28.3
2014-01-01,Oklahoma City Thunder,26.2
2014-01-01,Orlando Magic,24.6
2014-01-01,Philadelphia 76ers,23.4
2014-01-01,Phoenix Suns,26.2
2014-01-01,Portland Trail Blazers,25.8
2014-01-01,Sacramento Kings,24.9
2014-01-01,San Antonio Spurs,28.9
2014-01-01,Toronto Raptors,25.6
2014-01-01,Utah Jazz,24.5
2014-01-01,Washington Wizards,26.3
2014-01-01,League Average,26.6
2013-01-01,Atlanta Hawks,27.1
2013-01-01,Boston Celtics,29.1
2013-01-01,Brooklyn Nets,28.6
2013-01-01,Charlotte Bobcats,24.4
2013-01-01,Chicago Bulls,28.0
2013-01-01,Cleveland Cavaliers,24.1
2013-01-01,Dallas Mavericks,29.5
2013-01-01,Denver Nuggets,26.1
2013-01-01,Detroit Pistons,25.3
2013-01-01,Golden State Warriors,25.3
2013-01-01,Houston Rockets,24.4
2013-01-01,Indiana Pacers,25.7
2013-01-01,Los Angeles Clippers,28.8
2013-01-01,Los Angeles Lakers,30.7
2013-01-01,Memphis Grizzlies,27.0
2013-01-01,Miami Heat,30.3
2013-01-01,Milwaukee Bucks,26.4
2013-01-01,Minnesota Timberwolves,26.4
2013-01-01,New Orleans Hornets,24.0
2013-01-01,New York Knicks,30.2
2013-01-01,Oklahoma City Thunder,26.0
2013-01-01,Orlando Magic,24.6
2013-01-01,Philadelphia 76ers,25.2
2013-01-01,Phoenix Suns,26.9
2013-01-01,Portland Trail Blazers,24.4
2013-01-01,Sacramento Kings,25.6
2013-01-01,San Antonio Spurs,28.6
2013-01-01,Toronto Raptors,25.4
2013-01-01,Utah Jazz,26.3
2013-01-01,Washington Wizards,25.4
2013-01-01,League Average,26.7
2012-01-01,Atlanta Hawks,27.9
2012-01-01,Boston Celtics,29.3
2012-01-01,Charlotte Bobcats,24.5
2012-01-01,Chicago Bulls,27.1
2012-01-01,Cleveland Cavaliers,26.0
2012-01-01,Dallas Mavericks,31.3
2012-01-01,Denver Nuggets,26.6
2012-01-01,Detroit Pistons,26.3
2012-01-01,Golden State Warriors,25.3
2012-01-01,Houston Rockets,26.2
2012-01-01,Indiana Pacers,26.3
2012-01-01,Los Angeles Clippers,27.3
2012-01-01,Los Angeles Lakers,29.7
2012-01-01,Memphis Grizzlies,25.6
2012-01-01,Miami Heat,28.3
2012-01-01,Milwaukee Bucks,26.2
2012-01-01,Minnesota Timberwolves,24.4
2012-01-01,New Jersey Nets,26.1
2012-01-01,New Orleans Hornets,25.5
2012-01-01,New York Knicks,26.3
2012-01-01,Oklahoma City Thunder,25.1
2012-01-01,Orlando Magic,27.5
2012-01-01,Philadelphia 76ers,24.9
2012-01-01,Phoenix Suns,28.9
2012-01-01,Portland Trail Blazers,27.5
2012-01-01,Sacramento Kings,24.3
2012-01-01,San Antonio Spurs,27.5
2012-01-01,Toronto Raptors,25.7
2012-01-01,Utah Jazz,25.6
2012-01-01,Washington Wizards,24.2
2012-01-01,League Average,26.7
2011-01-01,Atlanta Hawks,27.4
2011-01-01,Boston Celtics,29.5
2011-01-01,Charlotte Bobcats,26.9
2011-01-01,Chicago Bulls,26.4
2011-01-01,Cleveland Cavaliers,26.6
2011-01-01,Dallas Mavericks,30.9
2011-01-01,Denver Nuggets,27.3
2011-01-01,Detroit Pistons,27.2
2011-01-01,Golden State Warriors,25.2
2011-01-01,Houston Rockets,26.5
2011-01-01,Indiana Pacers,25.9
2011-01-01,Los Angeles Clippers,24.6
2011-01-01,Los Angeles Lakers,30.2
2011-01-01,Memphis Grizzlies,25.2
2011-01-01,Miami Heat,29.0
2011-01-01,Milwaukee Bucks,26.7
2011-01-01,Minnesota Timberwolves,23.8
2011-01-01,New Jersey Nets,24.8
2011-01-01,New Orleans Hornets,26.3
2011-01-01,New York Knicks,25.3
2011-01-01,Oklahoma City Thunder,23.7
2011-01-01,Orlando Magic,27.6
2011-01-01,Philadelphia 76ers,24.7
2011-01-01,Phoenix Suns,29.6
2011-01-01,Portland Trail Blazers,26.7
2011-01-01,Sacramento Kings,24.8
2011-01-01,San Antonio Spurs,28.8
2011-01-01,Toronto Raptors,24.5
2011-01-01,Utah Jazz,26.8
2011-01-01,Washington Wizards,24.9
2011-01-01,League Average,26.7
2010-01-01,Atlanta Hawks,26.5
2010-01-01,Boston Celtics,29.4
2010-01-01,Charlotte Bobcats,27.4
2010-01-01,Chicago Bulls,26.2
2010-01-01,Cleveland Cavaliers,28.0
2010-01-01,Dallas Mavericks,30.7
2010-01-01,Denver Nuggets,27.7
2010-01-01,Detroit Pistons,26.7
2010-01-01,Golden State Warriors,25.1
2010-01-01,Houston Rockets,26.0
2010-01-01,Indiana Pacers,26.6
2010-01-01,Los Angeles Clippers,27.3
2010-01-01,Los Angeles Lakers,28.4
2010-01-01,Memphis Grizzlies,24.1
2010-01-01,Miami Heat,27.1
2010-01-01,Milwaukee Bucks,26.4
2010-01-01,Minnesota Timberwolves,24.1
2010-01-01,New Jersey Nets,24.8
2010-01-01,New Orleans Hornets,27.5
2010-01-01,New York Knicks,25.4
2010-01-01,Oklahoma City Thunder,23.2
2010-01-01,Orlando Magic,27.9
2010-01-01,Philadelphia 76ers,25.4
2010-01-01,Phoenix Suns,28.5
2010-01-01,Portland Trail Blazers,26.6
2010-01-01,Sacramento Kings,24.1
2010-01-01,San Antonio Spurs,28.7
2010-01-01,Toronto Raptors,25.2
2010-01-01,Utah Jazz,25.6
2010-01-01,Washington Wizards,27.6
2010-01-01,League Average,26.8
2009-01-01,Atlanta Hawks,25.8
2009-01-01,Boston Celtics,27.8
2009-01-01,Charlotte Bobcats,25.8
2009-01-01,Chicago Bulls,24.9
2009-01-01,Cleveland Cavaliers,26.6
2009-01-01,Dallas Mavericks,29.0
2009-01-01,Denver Nuggets,27.7
2009-01-01,Detroit Pistons,28.2
2009-01-01,Golden State Warriors,25.0
2009-01-01,Houston Rockets,27.9
2009-01-01,Indiana Pacers,26.5
2009-01-01,Los Angeles Clippers,26.6
2009-01-01,Los Angeles Lakers,27.4
2009-01-01,Memphis Grizzlies,23.3
2009-01-01,Miami Heat,25.6
2009-01-01,Milwaukee Bucks,26.3
2009-01-01,Minnesota Timberwolves,25.4
2009-01-01,New Jersey Nets,25.7
2009-01-01,New Orleans Hornets,28.2
2009-01-01,New York Knicks,25.7
2009-01-01,Oklahoma City Thunder,24.5
2009-01-01,Orlando Magic,27.3
2009-01-01,Philadelphia 76ers,26.1
2009-01-01,Phoenix Suns,29.5
2009-01-01,Portland Trail Blazers,24.0
2009-01-01,Sacramento Kings,26.3
2009-01-01,San Antonio Spurs,30.4
2009-01-01,Toronto Raptors,27.0
2009-01-01,Utah Jazz,25.5
2009-01-01,Washington Wizards,26.9
2009-01-01,League Average,26.8
2008-01-01,Atlanta Hawks,24.2
2008-01-01,Boston Celtics,27.9
2008-01-01,Charlotte Bobcats,26.3
2008-01-01,Chicago Bulls,25.7
2008-01-01,Cleveland Cavaliers,27.1
2008-01-01,Dallas Mavericks,28.9
2008-01-01,Denver Nuggets,28.5
2008-01-01,Detroit Pistons,28.3
2008-01-01,Golden State Warriors,25.5
2008-01-01,Houston Rockets,28.3
2008-01-01,Indiana Pacers,26.7
2008-01-01,Los Angeles Clippers,28.5
2008-01-01,Los Angeles Lakers,26.7
2008-01-01,Memphis Grizzlies,24.5
2008-01-01,Miami Heat,27.4
2008-01-01,Milwaukee Bucks,25.8
2008-01-01,Minnesota Timberwolves,24.6
2008-01-01,New Jersey Nets,27.4
2008-01-01,New Orleans Hornets,27.1
2008-01-01,New York Knicks,25.7
2008-01-01,Orlando Magic,26.7
2008-01-01,Philadelphia 76ers,25.3
2008-01-01,Phoenix Suns,29.3
2008-01-01,Portland Trail Blazers,24.1
2008-01-01,Sacramento Kings,27.3
2008-01-01,San Antonio Spurs,31.4
2008-01-01,Seattle SuperSonics,25.4
2008-01-01,Toronto Raptors,26.3
2008-01-01,Utah Jazz,25.3
2008-01-01,Washington Wizards,27.2
2008-01-01,League Average,27.0
2007-01-01,Atlanta Hawks,24.1
2007-01-01,Boston Celtics,23.5
2007-01-01,Charlotte Bobcats,25.5
2007-01-01,Chicago Bulls,26.0
2007-01-01,Cleveland Cavaliers,26.9
2007-01-01,Dallas Mavericks,28.1
2007-01-01,Denver Nuggets,26.5
2007-01-01,Detroit Pistons,29.0
2007-01-01,Golden State Warriors,24.6
2007-01-01,Houston Rockets,28.2
2007-01-01,Indiana Pacers,27.2
2007-01-01,Los Angeles Clippers,27.5
2007-01-01,Los Angeles Lakers,25.3
2007-01-01,Memphis Grizzlies,26.2
2007-01-01,Miami Heat,29.3
2007-01-01,Milwaukee Bucks,26.0
2007-01-01,Minnesota Timberwolves,27.7
2007-01-01,New Jersey Nets,28.2
2007-01-01,New Orleans/Oklahoma City Hornets,26.4
2007-01-01,New York Knicks,25.4
2007-01-01,Orlando Magic,25.6
2007-01-01,Philadelphia 76ers,26.2
2007-01-01,Phoenix Suns,27.6
2007-01-01,Portland Trail Blazers,24.4
2007-01-01,Sacramento Kings,27.3
2007-01-01,San Antonio Spurs,30.4
2007-01-01,Seattle SuperSonics,25.9
2007-01-01,Toronto Raptors,26.0
2007-01-01,Utah Jazz,25.9
2007-01-01,Washington Wizards,26.8
2007-01-01,League Average,26.7
2006-01-01,Atlanta Hawks,22.7
2006-01-01,Boston Celtics,25.3
2006-01-01,Charlotte Bobcats,25.2
2006-01-01,Chicago Bulls,24.1
2006-01-01,Cleveland Cavaliers,27.1
2006-01-01,Dallas Mavericks,27.5
2006-01-01,Denver Nuggets,27.4
2006-01-01,Detroit Pistons,28.5
2006-01-01,Golden State Warriors,25.6
2006-01-01,Houston Rockets,28.8
2006-01-01,Indiana Pacers,27.3
2006-01-01,Los Angeles Clippers,26.8
2006-01-01,Los Angeles Lakers,25.1
2006-01-01,Memphis Grizzlies,28.1
2006-01-01,Miami Heat,29.2
2006-01-01,Milwaukee Bucks,25.5
2006-01-01,Minnesota Timberwolves,26.7
2006-01-01,New Jersey Nets,28.6
2006-01-01,New Orleans/Oklahoma City Hornets,26.3
2006-01-01,New York Knicks,25.6
2006-01-01,Orlando Magic,25.5
2006-01-01,Philadelphia 76ers,26.5
2006-01-01,Phoenix Suns,27.5
2006-01-01,Portland Trail Blazers,24.6
2006-01-01,Sacramento Kings,27.2
2006-01-01,San Antonio Spurs,29.8
2006-01-01,Seattle SuperSonics,25.6
2006-01-01,Toronto Raptors,25.9
2006-01-01,Utah Jazz,25.6
2006-01-01,Washington Wizards,26.5
2006-01-01,League Average,26.6
2005-01-01,Atlanta Hawks,26.0
2005-01-01,Boston Celtics,27.1
2005-01-01,Charlotte Bobcats,24.9
2005-01-01,Chicago Bulls,25.0
2005-01-01,Cleveland Cavaliers,26.5
2005-01-01,Dallas Mavericks,27.7
2005-01-01,Denver Nuggets,26.7
2005-01-01,Detroit Pistons,27.9
2005-01-01,Golden State Warriors,26.7
2005-01-01,Houston Rockets,29.7
2005-01-01,Indiana Pacers,28.3
2005-01-01,Los Angeles Clippers,25.5
2005-01-01,Los Angeles Lakers,26.0
2005-01-01,Memphis Grizzlies,26.3
2005-01-01,Miami Heat,28.0
2005-01-01,Milwaukee Bucks,26.9
2005-01-01,Minnesota Timberwolves,29.0
2005-01-01,New Jersey Nets,27.8
2005-01-01,New Orleans Hornets,27.5
2005-01-01,New York Knicks,27.3
2005-01-01,Orlando Magic,26.5
2005-01-01,Philadelphia 76ers,26.4
2005-01-01,Phoenix Suns,25.2
2005-01-01,Portland Trail Blazers,27.0
2005-01-01,Sacramento Kings,27.7
2005-01-01,San Antonio Spurs,28.5
2005-01-01,Seattle SuperSonics,26.0
2005-01-01,Toronto Raptors,27.0
2005-01-01,Utah Jazz,25.7
2005-01-01,Washington Wizards,25.3
2005-01-01,League Average,27.1
2004-01-01,Atlanta Hawks,26.2
2004-01-01,Boston Celtics,26.4
2004-01-01,Chicago Bulls,26.8
2004-01-01,Cleveland Cavaliers,24.9
2004-01-01,Dallas Mavericks,27.4
2004-01-01,Denver Nuggets,25.6
2004-01-01,Detroit Pistons,27.4
2004-01-01,Golden State Warriors,28.1
2004-01-01,Houston Rockets,28.3
2004-01-01,Indiana Pacers,27.1
2004-01-01,Los Angeles Clippers,24.3
2004-01-01,Los Angeles Lakers,29.8
2004-01-01,Memphis Grizzlies,26.0
2004-01-01,Miami Heat,26.4
2004-01-01,Milwaukee Bucks,26.5
2004-01-01,Minnesota Timberwolves,29.7
2004-01-01,New Jersey Nets,27.7
2004-01-01,New Orleans Hornets,30.3
2004-01-01,New York Knicks,29.6
2004-01-01,Orlando Magic,25.8
2004-01-01,Philadelphia 76ers,27.5
2004-01-01,Phoenix Suns,24.4
2004-01-01,Portland Trail Blazers,27.6
2004-01-01,Sacramento Kings,29.3
2004-01-01,San Antonio Spurs,27.3
2004-01-01,Seattle SuperSonics,26.0
2004-01-01,Toronto Raptors,27.6
2004-01-01,Utah Jazz,24.9
2004-01-01,Washington Wizards,24.4
2004-01-01,League Average,27.2
2003-01-01,Atlanta Hawks,27.2
2003-01-01,Boston Celtics,26.9
2003-01-01,Chicago Bulls,25.2
2003-01-01,Cleveland Cavaliers,23.5
2003-01-01,Dallas Mavericks,28.1
2003-01-01,Denver Nuggets,24.1
2003-01-01,Detroit Pistons,29.0
2003-01-01,Golden State Warriors,24.4
2003-01-01,Houston Rockets,25.9
2003-01-01,Indiana Pacers,25.9
2003-01-01,Los Angeles Clippers,25.3
2003-01-01,Los Angeles Lakers,28.1
2003-01-01,Memphis Grizzlies,24.9
2003-01-01,Miami Heat,26.5
2003-01-01,Milwaukee Bucks,29.3
2003-01-01,Minnesota Timberwolves,28.2
2003-01-01,New Jersey Nets,27.3
2003-01-01,New Orleans Hornets,29.1
2003-01-01,New York Knicks,30.2
2003-01-01,Orlando Magic,26.9
2003-01-01,Philadelphia 76ers,28.3
2003-01-01,Phoenix Suns,25.2
2003-01-01,Portland Trail Blazers,29.2
2003-01-01,Sacramento Kings,28.3
2003-01-01,San Antonio Spurs,28.4
2003-01-01,Seattle SuperSonics,26.9
2003-01-01,Toronto Raptors,27.6
2003-01-01,Utah Jazz,30.9
2003-01-01,Washington Wizards,28.4
2003-01-01,League Average,27.2
2002-01-01,Atlanta Hawks,25.7
2002-01-01,Boston Celtics,26.2
2002-01-01,Charlotte Hornets,28.3
2002-01-01,Chicago Bulls,25.5
2002-01-01,Cleveland Cavaliers,26.0
2002-01-01,Dallas Mavericks,27.6
2002-01-01,Denver Nuggets,28.2
2002-01-01,Detroit Pistons,29.5
2002-01-01,Golden State Warriors,24.8
2002-01-01,Houston Rockets,25.9
2002-01-01,Indiana Pacers,26.1
2002-01-01,Los Angeles Clippers,24.4
2002-01-01,Los Angeles Lakers,27.9
2002-01-01,Memphis Grizzlies,25.5
2002-01-01,Miami Heat,30.1
2002-01-01,Milwaukee Bucks,28.9
2002-01-01,Minnesota Timberwolves,26.7
2002-01-01,New Jersey Nets,26.1
2002-01-01,New York Knicks,30.3
2002-01-01,Orlando Magic,28.0
2002-01-01,Philadelphia 76ers,29.0
2002-01-01,Phoenix Suns,26.5
2002-01-01,Portland Trail Blazers,29.0
2002-01-01,Sacramento Kings,27.0
2002-01-01,San Antonio Spurs,28.5
2002-01-01,Seattle SuperSonics,26.9
2002-01-01,Toronto Raptors,29.3
2002-01-01,Utah Jazz,29.9
2002-01-01,Washington Wizards,27.5
2002-01-01,League Average,27.4
2001-01-01,Atlanta Hawks,26.1
2001-01-01,Boston Celtics,25.9
2001-01-01,Charlotte Hornets,28.2
2001-01-01,Chicago Bulls,23.2
2001-01-01,Cleveland Cavaliers,26.9
2001-01-01,Dallas Mavericks,26.6
2001-01-01,Denver Nuggets,27.9
2001-01-01,Detroit Pistons,27.1
2001-01-01,Golden State Warriors,26.6
2001-01-01,Houston Rockets,26.7
2001-01-01,Indiana Pacers,27.7
2001-01-01,Los Angeles Clippers,24.3
2001-01-01,Los Angeles Lakers,29.2
2001-01-01,Miami Heat,30.9
2001-01-01,Milwaukee Bucks,28.2
2001-01-01,Minnesota Timberwolves,27.4
2001-01-01,New Jersey Nets,27.5
2001-01-01,New York Knicks,29.8
2001-01-01,Orlando Magic,26.0
2001-01-01,Philadelphia 76ers,28.2
2001-01-01,Phoenix Suns,28.6
2001-01-01,Portland Trail Blazers,30.1
2001-01-01,Sacramento Kings,27.1
2001-01-01,San Antonio Spurs,29.5
2001-01-01,Seattle SuperSonics,27.9
2001-01-01,Toronto Raptors,29.9
2001-01-01,Utah Jazz,32.0
2001-01-01,Vancouver Grizzlies,26.2
2001-01-01,Washington Wizards,27.0
2001-01-01,League Average,27.8
2000-01-01,Atlanta Hawks,27.6
2000-01-01,Boston Celtics,25.4
2000-01-01,Charlotte Hornets,28.7
2000-01-01,Chicago Bulls,26.0
2000-01-01,Cleveland Cavaliers,27.2
2000-01-01,Dallas Mavericks,26.3
2000-01-01,Denver Nuggets,25.9
2000-01-01,Detroit Pistons,28.3
2000-01-01,Golden State Warriors,26.9
2000-01-01,Houston Rockets,26.3
2000-01-01,Indiana Pacers,30.4
2000-01-01,Los Angeles Clippers,24.2
2000-01-01,Los Angeles Lakers,29.2
2000-01-01,Miami Heat,29.2
2000-01-01,Milwaukee Bucks,28.2
2000-01-01,Minnesota Timberwolves,26.6
2000-01-01,New Jersey Nets,27.3
2000-01-01,New York Knicks,29.5
2000-01-01,Orlando Magic,26.3
2000-01-01,Philadelphia 76ers,27.1
2000-01-01,Phoenix Suns,28.6
2000-01-01,Portland Trail Blazers,29.6
2000-01-01,Sacramento Kings,27.5
2000-01-01,San Antonio Spurs,30.9
2000-01-01,Seattle SuperSonics,28.5
2000-01-01,Toronto Raptors,29.3
2000-01-01,Utah Jazz,31.5
2000-01-01,Vancouver Grizzlies,25.3
2000-01-01,Washington Wizards,28.0
2000-01-01,League Average,27.8
1999-01-01,Atlanta Hawks,29.6
1999-01-01,Boston Celtics,24.3
1999-01-01,Charlotte Hornets,29.0
1999-01-01,Chicago Bulls,28.6
1999-01-01,Cleveland Cavaliers,26.7
1999-01-01,Dallas Mavericks,26.1
1999-01-01,Denver Nuggets,24.6
1999-01-01,Detroit Pistons,27.7
1999-01-01,Golden State Warriors,28.1
1999-01-01,Houston Rockets,29.6
1999-01-01,Indiana Pacers,30.8
1999-01-01,Los Angeles Clippers,25.0
1999-01-01,Los Angeles Lakers,27.5
1999-01-01,Miami Heat,30.3
1999-01-01,Milwaukee Bucks,28.3
1999-01-01,Minnesota Timberwolves,27.2
1999-01-01,New Jersey Nets,26.0
1999-01-01,New York Knicks,29.0
1999-01-01,Orlando Magic,28.7
1999-01-01,Philadelphia 76ers,26.0
1999-01-01,Phoenix Suns,29.3
1999-01-01,Portland Trail Blazers,27.4
1999-01-01,Sacramento Kings,26.1
1999-01-01,San Antonio Spurs,30.1
1999-01-01,Seattle SuperSonics,31.2
1999-01-01,Toronto Raptors,27.3
1999-01-01,Utah Jazz,30.3
1999-01-01,Vancouver Grizzlies,25.0
1999-01-01,Washington Wizards,29.3
1999-01-01,League Average,27.8
1998-01-01,Atlanta Hawks,29.4
1998-01-01,Boston Celtics,23.9
1998-01-01,Charlotte Hornets,29.2
1998-01-01,Chicago Bulls,31.7
1998-01-01,Cleveland Cavaliers,24.6
1998-01-01,Dallas Mavericks,26.3
1998-01-01,Denver Nuggets,26.5
1998-01-01,Detroit Pistons,27.2
1998-01-01,Golden State Warriors,25.9
1998-01-01,Houston Rockets,32.0
1998-01-01,Indiana Pacers,29.7
1998-01-01,Los Angeles Clippers,25.7
1998-01-01,Los Angeles Lakers,25.8
1998-01-01,Miami Heat,28.1
1998-01-01,Milwaukee Bucks,27.6
1998-01-01,Minnesota Timberwolves,26.4
1998-01-01,New Jersey Nets,27.8
1998-01-01,New York Knicks,30.2
1998-01-01,Orlando Magic,30.8
1998-01-01,Philadelphia 76ers,25.4
1998-01-01,Phoenix Suns,28.2
1998-01-01,Portland Trail Blazers,26.1
1998-01-01,Sacramento Kings,26.6
1998-01-01,San Antonio Spurs,28.7
1998-01-01,Seattle SuperSonics,31.1
1998-01-01,Toronto Raptors,24.8
1998-01-01,Utah Jazz,29.7
1998-01-01,Vancouver Grizzlies,26.5
1998-01-01,Washington Wizards,26.7
1998-01-01,League Average,27.6
1997-01-01,Atlanta Hawks,28.8
1997-01-01,Boston Celtics,26.1
1997-01-01,Charlotte Hornets,29.1
1997-01-01,Chicago Bulls,30.7
1997-01-01,Cleveland Cavaliers,26.7
1997-01-01,Dallas Mavericks,27.1
1997-01-01,Denver Nuggets,28.6
1997-01-01,Detroit Pistons,28.2
1997-01-01,Golden State Warriors,26.7
1997-01-01,Houston Rockets,30.8
1997-01-01,Indiana Pacers,27.9
1997-01-01,Los Angeles Clippers,25.5
1997-01-01,Los Angeles Lakers,26.5
1997-01-01,Miami Heat,27.2
1997-01-01,Milwaukee Bucks,27.3
1997-01-01,Minnesota Timberwolves,26.3
1997-01-01,New Jersey Nets,26.8
1997-01-01,New York Knicks,29.7
1997-01-01,Orlando Magic,29.4
1997-01-01,Philadelphia 76ers,25.5
1997-01-01,Phoenix Suns,28.5
1997-01-01,Portland Trail Blazers,26.4
1997-01-01,Sacramento Kings,27.4
1997-01-01,San Antonio Spurs,29.9
1997-01-01,Seattle SuperSonics,30.0
1997-01-01,Toronto Raptors,25.1
1997-01-01,Utah Jazz,29.6
1997-01-01,Vancouver Grizzlies,25.0
1997-01-01,Washington Bullets,25.9
1997-01-01,League Average,27.6
1996-01-01,Atlanta Hawks,28.1
1996-01-01,Boston Celtics,26.3
1996-01-01,Charlotte Hornets,27.8
1996-01-01,Chicago Bulls,29.9
1996-01-01,Cleveland Cavaliers,27.5
1996-01-01,Dallas Mavericks,25.1
1996-01-01,Denver Nuggets,26.8
1996-01-01,Detroit Pistons,26.8
1996-01-01,Golden State Warriors,27.0
1996-01-01,Houston Rockets,29.0
1996-01-01,Indiana Pacers,29.4
1996-01-01,Los Angeles Clippers,25.2
1996-01-01,Los Angeles Lakers,27.1
1996-01-01,Miami Heat,27.4
1996-01-01,Milwaukee Bucks,27.5
1996-01-01,Minnesota Timberwolves,26.4
1996-01-01,New Jersey Nets,27.4
1996-01-01,New York Knicks,30.4
1996-01-01,Orlando Magic,27.7
1996-01-01,Philadelphia 76ers,26.1
1996-01-01,Phoenix Suns,27.9
1996-01-01,Portland Trail Blazers,28.1
1996-01-01,Sacramento Kings,26.6
1996-01-01,San Antonio Spurs,29.4
1996-01-01,Seattle SuperSonics,29.6
1996-01-01,Toronto Raptors,26.1
1996-01-01,Utah Jazz,29.5
1996-01-01,Vancouver Grizzlies,27.2
1996-01-01,Washington Bullets,24.8
1996-01-01,League Average,27.6
1995-01-01,Atlanta Hawks,28.2
1995-01-01,Boston Celtics,27.2
1995-01-01,Charlotte Hornets,28.0
1995-01-01,Chicago Bulls,28.1
1995-01-01,Cleveland Cavaliers,28.3
1995-01-01,Dallas Mavericks,24.3
1995-01-01,Denver Nuggets,26.6
1995-01-01,Detroit Pistons,26.9
1995-01-01,Golden State Warriors,26.0
1995-01-01,Houston Rockets,28.5
1995-01-01,Indiana Pacers,28.7
1995-01-01,Los Angeles Clippers,24.9
1995-01-01,Los Angeles Lakers,25.9
1995-01-01,Miami Heat,27.1
1995-01-01,Milwaukee Bucks,25.7
1995-01-01,Minnesota Timberwolves,25.4
1995-01-01,New Jersey Nets,27.5
1995-01-01,New York Knicks,29.4
1995-01-01,Orlando Magic,26.6
1995-01-01,Philadelphia 76ers,25.1
1995-01-01,Phoenix Suns,29.2
1995-01-01,Portland Trail Blazers,29.3
1995-01-01,Sacramento Kings,26.4
1995-01-01,San Antonio Spurs,29.0
1995-01-01,Seattle SuperSonics,28.7
1995-01-01,Utah Jazz,29.6
1995-01-01,Washington Bullets,24.5
1995-01-01,League Average,27.2
1994-01-01,Atlanta Hawks,28.7
1994-01-01,Boston Celtics,27.8
1994-01-01,Charlotte Hornets,27.6
1994-01-01,Chicago Bulls,27.7
1994-01-01,Cleveland Cavaliers,27.9
1994-01-01,Dallas Mavericks,25.3
1994-01-01,Denver Nuggets,24.8
1994-01-01,Detroit Pistons,27.5
1994-01-01,Golden State Warriors,25.0
1994-01-01,Houston Rockets,28.1
1994-01-01,Indiana Pacers,27.2
1994-01-01,Los Angeles Clippers,27.0
1994-01-01,Los Angeles Lakers,26.5
1994-01-01,Miami Heat,26.0
1994-01-01,Milwaukee Bucks,26.1
1994-01-01,Minnesota Timberwolves,26.2
1994-01-01,New Jersey Nets,26.6
1994-01-01,New York Knicks,28.9
1994-01-01,Orlando Magic,25.8
1994-01-01,Philadelphia 76ers,27.2
1994-01-01,Phoenix Suns,28.7
1994-01-01,Portland Trail Blazers,28.6
1994-01-01,Sacramento Kings,26.7
1994-01-01,San Antonio Spurs,29.0
1994-01-01,Seattle SuperSonics,28.1
1994-01-01,Utah Jazz,29.4
1994-01-01,Washington Bullets,25.8
1994-01-01,League Average,27.3
1993-01-01,Atlanta Hawks,27.1
1993-01-01,Boston Celtics,28.6
1993-01-01,Charlotte Hornets,25.7
1993-01-01,Chicago Bulls,28.1
1993-01-01,Cleveland Cavaliers,28.8
1993-01-01,Dallas Mavericks,24.9
1993-01-01,Denver Nuggets,24.8
1993-01-01,Detroit Pistons,29.9
1993-01-01,Golden State Warriors,25.0
1993-01-01,Houston Rockets,27.4
1993-01-01,Indiana Pacers,26.8
1993-01-01,Los Angeles Clippers,26.7
1993-01-01,Los Angeles Lakers,28.0
1993-01-01,Miami Heat,25.2
1993-01-01,Milwaukee Bucks,26.9
1993-01-01,Minnesota Timberwolves,25.8
1993-01-01,New Jersey Nets,27.3
1993-01-01,New York Knicks,28.3
1993-01-01,Orlando Magic,25.8
1993-01-01,Philadelphia 76ers,27.1
1993-01-01,Phoenix Suns,28.2
1993-01-01,Portland Trail Blazers,28.2
1993-01-01,Sacramento Kings,26.5
1993-01-01,San Antonio Spurs,27.5
1993-01-01,Seattle SuperSonics,27.7
1993-01-01,Utah Jazz,29.3
1993-01-01,Washington Bullets,26.1
1993-01-01,League Average,27.1
1992-01-01,Atlanta Hawks,27.2
1992-01-01,Boston Celtics,29.2
1992-01-01,Charlotte Hornets,25.2
1992-01-01,Chicago Bulls,27.6
1992-01-01,Cleveland Cavaliers,27.6
1992-01-01,Dallas Mavericks,28.2
1992-01-01,Denver Nuggets,25.7
1992-01-01,Detroit Pistons,30.1
1992-01-01,Golden State Warriors,25.5
1992-01-01,Houston Rockets,28.0
1992-01-01,Indiana Pacers,26.4
1992-01-01,Los Angeles Clippers,27.3
1992-01-01,Los Angeles Lakers,28.3
1992-01-01,Miami Heat,24.4
1992-01-01,Milwaukee Bucks,30.2
1992-01-01,Minnesota Timberwolves,26.4
1992-01-01,New Jersey Nets,25.6
1992-01-01,New York Knicks,27.3
1992-01-01,Orlando Magic,26.6
1992-01-01,Philadelphia 76ers,27.6
1992-01-01,Phoenix Suns,27.0
1992-01-01,Portland Trail Blazers,28.1
1992-01-01,Sacramento Kings,25.1
1992-01-01,San Antonio Spurs,27.3
1992-01-01,Seattle SuperSonics,27.3
1992-01-01,Utah Jazz,28.5
1992-01-01,Washington Bullets,26.1
1992-01-01,League Average,27.2
1991-01-01,Atlanta Hawks,29.0
1991-01-01,Boston Celtics,28.2
1991-01-01,Charlotte Hornets,25.5
1991-01-01,Chicago Bulls,26.9
1991-01-01,Cleveland Cavaliers,26.8
1991-01-01,Dallas Mavericks,30.6
1991-01-01,Denver Nuggets,26.5
1991-01-01,Detroit Pistons,30.5
1991-01-01,Golden State Warriors,26.5
1991-01-01,Houston Rockets,27.3
1991-01-01,Indiana Pacers,26.4
1991-01-01,Los Angeles Clippers,25.1
1991-01-01,Los Angeles Lakers,28.4
1991-01-01,Miami Heat,24.0
1991-01-01,Milwaukee Bucks,29.3
1991-01-01,Minnesota Timberwolves,26.2
1991-01-01,New Jersey Nets,26.2
1991-01-01,New York Knicks,28.1
1991-01-01,Orlando Magic,26.1
1991-01-01,Philadelphia 76ers,28.4
1991-01-01,Phoenix Suns,26.9
1991-01-01,Portland Trail Blazers,27.9
1991-01-01,Sacramento Kings,25.9
1991-01-01,San Antonio Spurs,26.0
1991-01-01,Seattle SuperSonics,26.2
1991-01-01,Utah Jazz,28.7
1991-01-01,Washington Bullets,26.5
1991-01-01,League Average,27.2
1990-01-01,Atlanta Hawks,28.6
1990-01-01,Boston Celtics,30.2
1990-01-01,Charlotte Hornets,25.6
1990-01-01,Chicago Bulls,26.1
1990-01-01,Cleveland Cavaliers,26.1
1990-01-01,Dallas Mavericks,29.2
1990-01-01,Denver Nuggets,29.5
1990-01-01,Detroit Pistons,29.5
1990-01-01,Golden State Warriors,26.0
1990-01-01,Houston Rockets,27.9
1990-01-01,Indiana Pacers,26.4
1990-01-01,Los Angeles Clippers,24.5
1990-01-01,Los Angeles Lakers,28.9
1990-01-01,Miami Heat,24.7
1990-01-01,Milwaukee Bucks,28.1
1990-01-01,Minnesota Timberwolves,26.2
1990-01-01,New Jersey Nets,26.6
1990-01-01,New York Knicks,26.5
1990-01-01,Orlando Magic,26.5
1990-01-01,Philadelphia 76ers,27.4
1990-01-01,Phoenix Suns,26.7
1990-01-01,Portland Trail Blazers,26.7
1990-01-01,Sacramento Kings,26.4
1990-01-01,San Antonio Spurs,26.4
1990-01-01,Seattle SuperSonics,25.6
1990-01-01,Utah Jazz,27.6
1990-01-01,Washington Bullets,27.5
1990-01-01,League Average,27.1
1989-01-01,Atlanta Hawks,28.5
1989-01-01,Boston Celtics,28.5
1989-01-01,Charlotte Hornets,27.2
1989-01-01,Chicago Bulls,26.4
1989-01-01,Cleveland Cavaliers,26.1
1989-01-01,Dallas Mavericks,28.6
1989-01-01,Denver Nuggets,29.8
1989-01-01,Detroit Pistons,28.7
1989-01-01,Golden State Warriors,26.0
1989-01-01,Houston Rockets,26.8
1989-01-01,Indiana Pacers,25.2
1989-01-01,Los Angeles Clippers,24.6
1989-01-01,Los Angeles Lakers,29.5
1989-01-01,Miami Heat,25.2
1989-01-01,Milwaukee Bucks,28.5
1989-01-01,New Jersey Nets,26.8
1989-01-01,New York Knicks,25.3
1989-01-01,Philadelphia 76ers,27.0
1989-01-01,Phoenix Suns,25.7
1989-01-01,Portland Trail Blazers,26.9
1989-01-01,Sacramento Kings,25.2
1989-01-01,San Antonio Spurs,25.6
1989-01-01,Seattle SuperSonics,26.3
1989-01-01,Utah Jazz,27.4
1989-01-01,Washington Bullets,26.2
1989-01-01,League Average,27.0
1988-01-01,Atlanta Hawks,26.8
1988-01-01,Boston Celtics,29.8
1988-01-01,Chicago Bulls,25.5
1988-01-01,Cleveland Cavaliers,24.6
1988-01-01,Dallas Mavericks,27.0
1988-01-01,Denver Nuggets,28.7
1988-01-01,Detroit Pistons,27.5
1988-01-01,Golden State Warriors,25.4
1988-01-01,Houston Rockets,27.7
1988-01-01,Indiana Pacers,25.7
1988-01-01,Los Angeles Clippers,26.2
1988-01-01,Los Angeles Lakers,28.9
1988-01-01,Milwaukee Bucks,28.6
1988-01-01,New Jersey Nets,26.7
1988-01-01,New York Knicks,25.3
1988-01-01,Philadelphia 76ers,27.2
1988-01-01,Phoenix Suns,27.5
1988-01-01,Portland Trail Blazers,27.1
1988-01-01,Sacramento Kings,26.1
1988-01-01,San Antonio Spurs,26.2
1988-01-01,Seattle SuperSonics,25.6
1988-01-01,Utah Jazz,27.3
1988-01-01,Washington Bullets,26.6
1988-01-01,League Average,26.8
1987-01-01,Atlanta Hawks,26.1
1987-01-01,Boston Celtics,29.4
1987-01-01,Chicago Bulls,25.4
1987-01-01,Cleveland Cavaliers,24.6
1987-01-01,Dallas Mavericks,26.4
1987-01-01,Denver Nuggets,28.2
1987-01-01,Detroit Pistons,26.8
1987-01-01,Golden State Warriors,26.9
1987-01-01,Houston Rockets,26.1
1987-01-01,Indiana Pacers,25.9
1987-01-01,Los Angeles Clippers,26.2
1987-01-01,Los Angeles Lakers,27.8
1987-01-01,Milwaukee Bucks,27.7
1987-01-01,New Jersey Nets,26.2
1987-01-01,New York Knicks,26.4
1987-01-01,Philadelphia 76ers,26.6
1987-01-01,Phoenix Suns,26.0
1987-01-01,Portland Trail Blazers,26.9
1987-01-01,Sacramento Kings,26.3
1987-01-01,San Antonio Spurs,27.1
1987-01-01,Seattle SuperSonics,26.1
1987-01-01,Utah Jazz,26.9
1987-01-01,Washington Bullets,25.9
1987-01-01,League Average,26.6
1986-01-01,Atlanta Hawks,25.3
1986-01-01,Boston Celtics,29.3
1986-01-01,Chicago Bulls,26.6
1986-01-01,Cleveland Cavaliers,27.0
1986-01-01,Dallas Mavericks,25.8
1986-01-01,Denver Nuggets,28.1
1986-01-01,Detroit Pistons,26.5
1986-01-01,Golden State Warriors,26.8
1986-01-01,Houston Rockets,26.0
1986-01-01,Indiana Pacers,25.0
1986-01-01,Los Angeles Clippers,27.0
1986-01-01,Los Angeles Lakers,28.1
1986-01-01,Milwaukee Bucks,26.0
1986-01-01,New Jersey Nets,27.5
1986-01-01,New York Knicks,25.5
1986-01-01,Philadelphia 76ers,28.0
1986-01-01,Phoenix Suns,26.3
1986-01-01,Portland Trail Blazers,26.6
1986-01-01,Sacramento Kings,26.6
1986-01-01,San Antonio Spurs,27.8
1986-01-01,Seattle SuperSonics,26.6
1986-01-01,Utah Jazz,26.3
1986-01-01,Washington Bullets,27.1
1986-01-01,League Average,26.8
1985-01-01,Atlanta Hawks,25.5
1985-01-01,Boston Celtics,28.5
1985-01-01,Chicago Bulls,25.2
1985-01-01,Cleveland Cavaliers,26.6
1985-01-01,Dallas Mavericks,25.0
1985-01-01,Denver Nuggets,28.3
1985-01-01,Detroit Pistons,26.9
1985-01-01,Golden State Warriors,26.1
1985-01-01,Houston Rockets,25.3
1985-01-01,Indiana Pacers,24.1
1985-01-01,Kansas City Kings,26.1
1985-01-01,Los Angeles Clippers,27.3
1985-01-01,Los Angeles Lakers,27.4
1985-01-01,Milwaukee Bucks,25.7
1985-01-01,New Jersey Nets,26.5
1985-01-01,New York Knicks,25.8
1985-01-01,Philadelphia 76ers,27.9
1985-01-01,Phoenix Suns,26.4
1985-01-01,Portland Trail Blazers,25.2
1985-01-01,San Antonio Spurs,28.1
1985-01-01,Seattle SuperSonics,26.4
1985-01-01,Utah Jazz,27.0
1985-01-01,Washington Bullets,27.1
1985-01-01,League Average,26.4
1984-01-01,Atlanta Hawks,26.6
1984-01-01,Boston Celtics,28.0
1984-01-01,Chicago Bulls,24.4
1984-01-01,Cleveland Cavaliers,25.4
1984-01-01,Dallas Mavericks,24.7
1984-01-01,Denver Nuggets,27.0
1984-01-01,Detroit Pistons,25.4
1984-01-01,Golden State Warriors,25.6
1984-01-01,Houston Rockets,26.8
1984-01-01,Indiana Pacers,24.4
1984-01-01,Kansas City Kings,26.2
1984-01-01,Los Angeles Lakers,27.5
1984-01-01,Milwaukee Bucks,28.4
1984-01-01,New Jersey Nets,25.5
1984-01-01,New York Knicks,27.2
1984-01-01,Philadelphia 76ers,27.7
1984-01-01,Phoenix Suns,27.2
1984-01-01,Portland Trail Blazers,25.8
1984-01-01,San Antonio Spurs,27.4
1984-01-01,San Diego Clippers,25.5
1984-01-01,Seattle SuperSonics,27.1
1984-01-01,Utah Jazz,26.9
1984-01-01,Washington Bullets,26.2
1984-01-01,League Average,26.4
1983-01-01,Atlanta Hawks,26.6
1983-01-01,Boston Celtics,27.3
1983-01-01,Chicago Bulls,24.5
1983-01-01,Cleveland Cavaliers,26.4
1983-01-01,Dallas Mavericks,24.2
1983-01-01,Denver Nuggets,27.2
1983-01-01,Detroit Pistons,24.6
1983-01-01,Golden State Warriors,24.7
1983-01-01,Houston Rockets,29.0
1983-01-01,Indiana Pacers,24.9
1983-01-01,Kansas City Kings,24.5
1983-01-01,Los Angeles Lakers,26.9
1983-01-01,Milwaukee Bucks,28.1
1983-01-01,New Jersey Nets,25.2
1983-01-01,New York Knicks,26.5
1983-01-01,Philadelphia 76ers,26.7
1983-01-01,Phoenix Suns,26.6
1983-01-01,Portland Trail Blazers,25.5
1983-01-01,San Antonio Spurs,27.2
1983-01-01,San Diego Clippers,24.8
1983-01-01,Seattle SuperSonics,27.4
1983-01-01,Utah Jazz,25.8
1983-01-01,Washington Bullets,25.8
1983-01-01,League Average,26.2
1982-01-01,Atlanta Hawks,26.5
1982-01-01,Boston Celtics,27.3
1982-01-01,Chicago Bulls,26.5
1982-01-01,Cleveland Cavaliers,26.1
1982-01-01,Dallas Mavericks,24.4
1982-01-01,Denver Nuggets,27.0
1982-01-01,Detroit Pistons,24.4
1982-01-01,Golden State Warriors,25.1
1982-01-01,Houston Rockets,28.3
1982-01-01,Indiana Pacers,27.0
1982-01-01,Kansas City Kings,24.0
1982-01-01,Los Angeles Lakers,26.8
1982-01-01,Milwaukee Bucks,27.3
1982-01-01,New Jersey Nets,25.1
1982-01-01,New York Knicks,28.0
1982-01-01,Philadelphia 76ers,28.1
1982-01-01,Phoenix Suns,26.4
1982-01-01,Portland Trail Blazers,24.7
1982-01-01,San Antonio Spurs,26.1
1982-01-01,San Diego Clippers,25.4
1982-01-01,Seattle SuperSonics,26.4
1982-01-01,Utah Jazz,24.9
1982-01-01,Washington Bullets,26.0
1982-01-01,League Average,26.1
1981-01-01,Atlanta Hawks,26.8
1981-01-01,Boston Celtics,27.0
1981-01-01,Chicago Bulls,26.5
1981-01-01,Cleveland Cavaliers,25.7
1981-01-01,Dallas Mavericks,24.8
1981-01-01,Denver Nuggets,26.8
1981-01-01,Detroit Pistons,24.3
1981-01-01,Golden State Warriors,24.4
1981-01-01,Houston Rockets,26.8
1981-01-01,Indiana Pacers,26.0
1981-01-01,Kansas City Kings,26.2
1981-01-01,Los Angeles Lakers,27.0
1981-01-01,Milwaukee Bucks,26.6
1981-01-01,New Jersey Nets,25.2
1981-01-01,New York Knicks,25.1
1981-01-01,Philadelphia 76ers,27.2
1981-01-01,Phoenix Suns,25.7
1981-01-01,Portland Trail Blazers,25.7
1981-01-01,San Antonio Spurs,26.7
1981-01-01,San Diego Clippers,27.6
1981-01-01,Seattle SuperSonics,26.8
1981-01-01,Utah Jazz,25.3
1981-01-01,Washington Bullets,28.6
1981-01-01,League Average,26.2
1980-01-01,Atlanta Hawks,26.1
1980-01-01,Boston Celtics,27.3
1980-01-01,Chicago Bulls,25.9
1980-01-01,Cleveland Cavaliers,27.4
1980-01-01,Denver Nuggets,27.1
1980-01-01,Detroit Pistons,24.7
1980-01-01,Golden State Warriors,26.3
1980-01-01,Houston Rockets,27.3
1980-01-01,Indiana Pacers,25.3
1980-01-01,Kansas City Kings,25.5
1980-01-01,Los Angeles Lakers,26.2
1980-01-01,Milwaukee Bucks,25.3
1980-01-01,New Jersey Nets,26.1
1980-01-01,New York Knicks,24.1
1980-01-01,Philadelphia 76ers,27.0
1980-01-01,Phoenix Suns,26.5
1980-01-01,Portland Trail Blazers,26.3
1980-01-01,San Antonio Spurs,26.9
1980-01-01,San Diego Clippers,27.6
1980-01-01,Seattle SuperSonics,27.0
1980-01-01,Utah Jazz,26.1
1980-01-01,Washington Bullets,29.0
1980-01-01,League Average,26.5
1979-01-01,Atlanta Hawks,24.6
1979-01-01,Boston Celtics,27.5
1979-01-01,Chicago Bulls,26.2
1979-01-01,Cleveland Cavaliers,27.3
1979-01-01,Denver Nuggets,26.2
1979-01-01,Detroit Pistons,25.4
1979-01-01,Golden State Warriors,25.2
1979-01-01,Houston Rockets,27.6
1979-01-01,Indiana Pacers,25.0
1979-01-01,Kansas City Kings,25.7
1979-01-01,Los Angeles Lakers,27.2
1979-01-01,Milwaukee Bucks,24.8
1979-01-01,New Jersey Nets,25.7
1979-01-01,New Orleans Jazz,26.7
1979-01-01,New York Knicks,25.7
1979-01-01,Philadelphia 76ers,26.4
1979-01-01,Phoenix Suns,25.5
1979-01-01,Portland Trail Blazers,25.6
1979-01-01,San Antonio Spurs,27.3
1979-01-01,San Diego Clippers,27.3
1979-01-01,Seattle SuperSonics,26.8
1979-01-01,Washington Bullets,28.2
1979-01-01,League Average,26.2
1978-01-01,Atlanta Hawks,25.0
1978-01-01,Boston Celtics,29.7
1978-01-01,Buffalo Braves,27.1
1978-01-01,Chicago Bulls,26.5
1978-01-01,Cleveland Cavaliers,27.8
1978-01-01,Denver Nuggets,25.2
1978-01-01,Detroit Pistons,25.9
1978-01-01,Golden State Warriors,26.6
1978-01-01,Houston Rockets,25.4
1978-01-01,Indiana Pacers,24.7
1978-01-01,Kansas City Kings,26.1
1978-01-01,Los Angeles Lakers,25.8
1978-01-01,Milwaukee Bucks,23.8
1978-01-01,New Jersey Nets,25.5
1978-01-01,New Orleans Jazz,26.7
1978-01-01,New York Knicks,27.0
1978-01-01,Philadelphia 76ers,26.2
1978-01-01,Phoenix Suns,25.5
1978-01-01,Portland Trail Blazers,25.3
1978-01-01,San Antonio Spurs,26.9
1978-01-01,Seattle SuperSonics,26.0
1978-01-01,Washington Bullets,27.4
1978-01-01,League Average,26.2
1977-01-01,Atlanta Hawks,24.5
1977-01-01,Boston Celtics,28.7
1977-01-01,Buffalo Braves,25.8
1977-01-01,Chicago Bulls,26.1
1977-01-01,Cleveland Cavaliers,27.4
1977-01-01,Denver Nuggets,27.3
1977-01-01,Detroit Pistons,25.8
1977-01-01,Golden State Warriors,25.8
1977-01-01,Houston Rockets,25.8
1977-01-01,Indiana Pacers,25.6
1977-01-01,Kansas City Kings,25.9
1977-01-01,Los Angeles Lakers,27.2
1977-01-01,Milwaukee Bucks,25.0
1977-01-01,New Orleans Jazz,26.1
1977-01-01,New York Knicks,27.8
1977-01-01,New York Nets,25.8
1977-01-01,Philadelphia 76ers,25.6
1977-01-01,Phoenix Suns,26.6
1977-01-01,Portland Trail Blazers,24.5
1977-01-01,San Antonio Spurs,25.8
1977-01-01,Seattle SuperSonics,25.0
1977-01-01,Washington Bullets,27.4
1977-01-01,League Average,26.1
1976-01-01,Atlanta Hawks,25.9
1976-01-01,Boston Celtics,29.0
1976-01-01,Buffalo Braves,26.2
1976-01-01,Chicago Bulls,27.4
1976-01-01,Cleveland Cavaliers,26.8
1976-01-01,Detroit Pistons,25.8
1976-01-01,Denver Nuggets,25.4
1976-01-01,Golden State Warriors,25.5
1976-01-01,Houston Rockets,25.7
1976-01-01,Indiana Pacers,24.7
1976-01-01,Kansas City Kings,26.2
1976-01-01,Kentucky Colonels,26.2
1976-01-01,Los Angeles Lakers,28.1
1976-01-01,Milwaukee Bucks,24.9
1976-01-01,New Orleans Jazz,25.5
1976-01-01,New York Nets,25.4
1976-01-01,New York Knicks,28.7
1976-01-01,Philadelphia 76ers,26.3
1976-01-01,Phoenix Suns,26.2
1976-01-01,Portland Trail Blazers,25.4
1976-01-01,San Antonio Spurs,24.5
1976-01-01,San Diego Sails,24.9
1976-01-01,Seattle SuperSonics,24.5
1976-01-01,Spirits of St. Louis,25.8
1976-01-01,Utah Stars,26.9
1976-01-01,Virginia Squires,25.6
1976-01-01,Washington Bullets,28.2
1976-01-01,League Average,26.5
1976-01-01,League Average,25.3
1975-01-01,Atlanta Hawks,25.1
1975-01-01,Boston Celtics,29.1
1975-01-01,Buffalo Braves,26.4
1975-01-01,Chicago Bulls,30.2
1975-01-01,Cleveland Cavaliers,25.9
1975-01-01,Detroit Pistons,26.6
1975-01-01,Denver Nuggets,25.2
1975-01-01,Golden State Warriors,25.8
1975-01-01,Houston Rockets,25.2
1975-01-01,Indiana Pacers,24.3
1975-01-01,Kansas City-Omaha Kings,25.5
1975-01-01,Kentucky Colonels,26.2
1975-01-01,Los Angeles Lakers,28.2
1975-01-01,Milwaukee Bucks,26.2
1975-01-01,Memphis Sounds,27.5
1975-01-01,New Orleans Jazz,26.0
1975-01-01,New York Nets,24.5
1975-01-01,New York Knicks,27.7
1975-01-01,Philadelphia 76ers,27.7
1975-01-01,Phoenix Suns,25.9
1975-01-01,Portland Trail Blazers,26.0
1975-01-01,San Antonio Spurs,25.6
1975-01-01,San Diego Conquistadors,24.8
1975-01-01,Seattle SuperSonics,25.6
1975-01-01,Spirits of St. Louis,25.1
1975-01-01,Utah Stars,26.9
1975-01-01,Virginia Squires,24.8
1975-01-01,Washington Bullets,26.6
1975-01-01,League Average,26.7
1975-01-01,League Average,25.7
1974-01-01,Atlanta Hawks,27.1
1974-01-01,Boston Celtics,28.5
1974-01-01,Buffalo Braves,24.4
1974-01-01,Capital Bullets,26.4
1974-01-01,Carolina Cougars,27.5
1974-01-01,Chicago Bulls,28.7
1974-01-01,Cleveland Cavaliers,26.5
1974-01-01,Detroit Pistons,26.2
1974-01-01,Denver Rockets,25.5
1974-01-01,Golden State Warriors,28.4
1974-01-01,Houston Rockets,25.4
1974-01-01,Indiana Pacers,26.8
1974-01-01,Kansas City-Omaha Kings,26.7
1974-01-01,Kentucky Colonels,25.6
1974-01-01,Los Angeles Lakers,28.7
1974-01-01,Milwaukee Bucks,27.3
1974-01-01,Memphis Tams,25.0
1974-01-01,New York Nets,23.4
1974-01-01,New York Knicks,28.5
1974-01-01,Philadelphia 76ers,28.4
1974-01-01,Phoenix Suns,26.2
1974-01-01,Portland Trail Blazers,24.7
1974-01-01,San Antonio Spurs,24.6
1974-01-01,San Diego Conquistadors,25.1
1974-01-01,Seattle SuperSonics,26.0
1974-01-01,Utah Stars,27.8
1974-01-01,Virginia Squires,26.4
1974-01-01,League Average,27.0
1974-01-01,League Average,25.7
1973-01-01,Atlanta Hawks,27.1
1973-01-01,Baltimore Bullets,26.3
1973-01-01,Boston Celtics,28.0
1973-01-01,Buffalo Braves,24.7
1973-01-01,Carolina Cougars,27.3
1973-01-01,Chicago Bulls,27.7
1973-01-01,Cleveland Cavaliers,26.2
1973-01-01,Detroit Pistons,25.4
1973-01-01,Dallas Chaparrals,25.7
1973-01-01,Denver Rockets,24.8
1973-01-01,Golden State Warriors,28.6
1973-01-01,Houston Rockets,25.7
1973-01-01,Indiana Pacers,26.1
1973-01-01,Kansas City-Omaha Kings,26.3
1973-01-01,Kentucky Colonels,25.3
1973-01-01,Los Angeles Lakers,30.3
1973-01-01,Milwaukee Bucks,26.4
1973-01-01,Memphis Tams,25.6
1973-01-01,New York Nets,25.1
1973-01-01,New York Knicks,28.7
1973-01-01,Philadelphia 76ers,27.6
1973-01-01,Phoenix Suns,26.2
1973-01-01,Portland Trail Blazers,24.0
1973-01-01,San Diego Conquistadors,26.5
1973-01-01,Seattle SuperSonics,25.1
1973-01-01,Utah Stars,28.3
1973-01-01,Virginia Squires,24.4
1973-01-01,League Average,26.7
1973-01-01,League Average,26.0
1972-01-01,Atlanta Hawks,26.8
1972-01-01,Baltimore Bullets,26.7
1972-01-01,Boston Celtics,27.6
1972-01-01,Buffalo Braves,25.0
1972-01-01,Carolina Cougars,26.3
1972-01-01,Chicago Bulls,27.5
1972-01-01,Cincinnati Royals,25.7
1972-01-01,Cleveland Cavaliers,24.2
1972-01-01,Detroit Pistons,26.2
1972-01-01,Dallas Chaparrals,25.7
1972-01-01,Denver Rockets,25.6
1972-01-01,The Floridians,25.9
1972-01-01,Golden State Warriors,27.7
1972-01-01,Houston Rockets,24.6
1972-01-01,Indiana Pacers,26.2
1972-01-01,Kentucky Colonels,24.9
1972-01-01,Los Angeles Lakers,29.5
1972-01-01,Milwaukee Bucks,26.3
1972-01-01,Memphis Pros,25.2
1972-01-01,New York Nets,25.1
1972-01-01,New York Knicks,28.8
1972-01-01,Philadelphia 76ers,28.3
1972-01-01,Phoenix Suns,26.6
1972-01-01,Portland Trail Blazers,24.5
1972-01-01,Pittsburgh Condors,25.3
1972-01-01,Seattle SuperSonics,26.7
1972-01-01,Utah Stars,26.6
1972-01-01,Virginia Squires,25.2
1972-01-01,League Average,26.7
1972-01-01,League Average,25.7
1971-01-01,Atlanta Hawks,27.6
1971-01-01,Baltimore Bullets,27.5
1971-01-01,Boston Celtics,26.2
1971-01-01,Buffalo Braves,24.9
1971-01-01,Carolina Cougars,26.5
1971-01-01,Chicago Bulls,27.4
1971-01-01,Cincinnati Royals,25.7
1971-01-01,Cleveland Cavaliers,24.3
1971-01-01,Detroit Pistons,25.8
1971-01-01,Denver Rockets,25.0
1971-01-01,The Floridians,25.6
1971-01-01,Indiana Pacers,26.4
1971-01-01,Kentucky Colonels,26.3
1971-01-01,Los Angeles Lakers,28.2
1971-01-01,Milwaukee Bucks,26.1
1971-01-01,Memphis Pros,25.7
1971-01-01,New York Nets,24.5
1971-01-01,New York Knicks,28.0
1971-01-01,Philadelphia 76ers,29.0
1971-01-01,Phoenix Suns,26.0
1971-01-01,Portland Trail Blazers,25.4
1971-01-01,Pittsburgh Condors,24.2
1971-01-01,San Diego Rockets,25.0
1971-01-01,Seattle SuperSonics,27.1
1971-01-01,San Francisco Warriors,27.4
1971-01-01,Texas Chaparrals,25.1
1971-01-01,Utah Stars,25.9
1971-01-01,Virginia Squires,26.3
1971-01-01,League Average,26.6
1971-01-01,League Average,25.7
1970-01-01,Atlanta Hawks,27.3
1970-01-01,Baltimore Bullets,26.4
1970-01-01,Boston Celtics,28.4
1970-01-01,Carolina Cougars,25.9
1970-01-01,Chicago Bulls,26.3
1970-01-01,Cincinnati Royals,27.6
1970-01-01,Detroit Pistons,26.2
1970-01-01,Dallas Chaparrals,24.5
1970-01-01,Denver Rockets,24.5
1970-01-01,Indiana Pacers,26.8
1970-01-01,Kentucky Colonels,25.7
1970-01-01,Los Angeles Lakers,27.7
1970-01-01,Los Angeles Stars,24.0
1970-01-01,Milwaukee Bucks,24.9
1970-01-01,Miami Floridians,24.2
1970-01-01,New Orleans Buccaneers,26.3
1970-01-01,New York Nets,25.9
1970-01-01,New York Knicks,27.0
1970-01-01,Philadelphia 76ers,28.1
1970-01-01,Phoenix Suns,25.4
1970-01-01,Pittsburgh Pipers,24.2
1970-01-01,San Diego Rockets,25.3
1970-01-01,Seattle SuperSonics,27.6
1970-01-01,San Francisco Warriors,26.7
1970-01-01,Washington Capitols,25.8
1970-01-01,League Average,26.8
1970-01-01,League Average,25.2
1969-01-01,Atlanta Hawks,27.4
1969-01-01,Baltimore Bullets,25.9
1969-01-01,Boston Celtics,30.5
1969-01-01,Chicago Bulls,25.7
1969-01-01,Cincinnati Royals,27.9
1969-01-01,Detroit Pistons,26.2
1969-01-01,Dallas Chaparrals,24.1
1969-01-01,Denver Rockets,25.5
1969-01-01,Houston Mavericks,24.7
1969-01-01,Indiana Pacers,25.0
1969-01-01,Kentucky Colonels,24.9
1969-01-01,Los Angeles Lakers,29.5
1969-01-01,Los Angeles Stars,23.4
1969-01-01,Milwaukee Bucks,26.7
1969-01-01,Miami Floridians,24.6
1969-01-01,Minnesota Pipers,25.1
1969-01-01,New Orleans Buccaneers,25.1
1969-01-01,New York Nets,25.8
1969-01-01,New York Knicks,26.2
1969-01-01,Oakland Oaks,25.4
1969-01-01,Philadelphia 76ers,27.9
1969-01-01,Phoenix Suns,24.8
1969-01-01,San Diego Rockets,25.1
1969-01-01,Seattle SuperSonics,25.9
1969-01-01,San Francisco Warriors,26.4
1969-01-01,League Average,26.9
1969-01-01,League Average,24.8
1968-01-01,Anaheim Amigos,22.3
1968-01-01,Baltimore Bullets,26.7
1968-01-01,Boston Celtics,29.5
1968-01-01,Chicago Bulls,25.3
1968-01-01,Cincinnati Royals,28.0
1968-01-01,Detroit Pistons,26.0
1968-01-01,Dallas Chaparrals,22.6
1968-01-01,Denver Rockets,24.2
1968-01-01,Houston Mavericks,23.6
1968-01-01,Indiana Pacers,24.7
1968-01-01,Kentucky Colonels,24.7
1968-01-01,Los Angeles Lakers,27.8
1968-01-01,Minnesota Muskies,22.2
1968-01-01,New Jersey Americans,25.4
1968-01-01,New Orleans Buccaneers,26.1
1968-01-01,New York Knicks,25.6
1968-01-01,Oakland Oaks,24.9
1968-01-01,Philadelphia 76ers,27.6
1968-01-01,Pittsburgh Pipers,24.8
1968-01-01,San Diego Rockets,26.4
1968-01-01,Seattle SuperSonics,25.1
1968-01-01,San Francisco Warriors,26.2
1968-01-01,St. Louis Hawks,26.9
1968-01-01,League Average,26.8
1968-01-01,League Average,24.0
1967-01-01,Baltimore Bullets,27.5
1967-01-01,Boston Celtics,29.6
1967-01-01,Chicago Bulls,25.6
1967-01-01,Cincinnati Royals,26.4
1967-01-01,Detroit Pistons,25.2
1967-01-01,Los Angeles Lakers,27.1
1967-01-01,New York Knicks,25.2
1967-01-01,Philadelphia 76ers,27.0
1967-01-01,San Francisco Warriors,25.3
1967-01-01,St. Louis Hawks,26.7
1967-01-01,League Average,26.6
1966-01-01,Baltimore Bullets,27.8
1966-01-01,Boston Celtics,28.8
1966-01-01,Cincinnati Royals,26.8
1966-01-01,Detroit Pistons,25.0
1966-01-01,Los Angeles Lakers,26.5
1966-01-01,New York Knicks,25.4
1966-01-01,Philadelphia 76ers,26.5
1966-01-01,San Francisco Warriors,25.6
1966-01-01,St. Louis Hawks,27.4
1966-01-01,League Average,26.6
1965-01-01,Baltimore Bullets,26.1
1965-01-01,Boston Celtics,28.3
1965-01-01,Cincinnati Royals,26.5
1965-01-01,Detroit Pistons,24.4
1965-01-01,Los Angeles Lakers,26.4
1965-01-01,New York Knicks,25.5
1965-01-01,Philadelphia 76ers,27.6
1965-01-01,San Francisco Warriors,25.6
1965-01-01,St. Louis Hawks,27.1
1965-01-01,League Average,26.4
1964-01-01,Baltimore Bullets,25.0
1964-01-01,Boston Celtics,28.4
1964-01-01,Cincinnati Royals,26.0
1964-01-01,Detroit Pistons,25.5
1964-01-01,Los Angeles Lakers,26.3
1964-01-01,New York Knicks,25.7
1964-01-01,Philadelphia 76ers,27.4
1964-01-01,San Francisco Warriors,25.5
1964-01-01,St. Louis Hawks,27.5
1964-01-01,League Average,26.3
1963-01-01,Boston Celtics,28.3
1963-01-01,Chicago Zephyrs,25.3
1963-01-01,Cincinnati Royals,26.0
1963-01-01,Detroit Pistons,24.9
1963-01-01,Los Angeles Lakers,26.2
1963-01-01,New York Knicks,27.7
1963-01-01,San Francisco Warriors,25.7
1963-01-01,St. Louis Hawks,26.1
1963-01-01,Syracuse Nationals,26.7
1963-01-01,League Average,26.4
1962-01-01,Boston Celtics,27.9
1962-01-01,Chicago Packers,25.8
1962-01-01,Cincinnati Royals,25.0
1962-01-01,Detroit Pistons,26.0
1962-01-01,Los Angeles Lakers,25.9
1962-01-01,New York Knicks,26.0
1962-01-01,Philadelphia Warriors,26.5
1962-01-01,St. Louis Hawks,27.4
1962-01-01,Syracuse Nationals,26.9
1962-01-01,League Average,26.3
1961-01-01,Boston Celtics,28.3
1961-01-01,Cincinnati Royals,24.4
1961-01-01,Detroit Pistons,25.8
1961-01-01,Los Angeles Lakers,25.2
1961-01-01,New York Knicks,26.2
1961-01-01,Philadelphia Warriors,27.0
1961-01-01,St. Louis Hawks,27.4
1961-01-01,Syracuse Nationals,26.7
1961-01-01,League Average,26.4
1960-01-01,Boston Celtics,27.5
1960-01-01,Cincinnati Royals,25.0
1960-01-01,Detroit Pistons,27.1
1960-01-01,Minneapolis Lakers,25.5
1960-01-01,New York Knicks,26.4
1960-01-01,Philadelphia Warriors,26.2
1960-01-01,St. Louis Hawks,27.6
1960-01-01,Syracuse Nationals,27.0
1960-01-01,League Average,26.5
1959-01-01,Boston Celtics,27.1
1959-01-01,Cincinnati Royals,23.7
1959-01-01,Detroit Pistons,27.5
1959-01-01,Minneapolis Lakers,25.7
1959-01-01,New York Knicks,25.7
1959-01-01,Philadelphia Warriors,26.9
1959-01-01,St. Louis Hawks,28.1
1959-01-01,Syracuse Nationals,26.2
1959-01-01,League Average,26.4
1958-01-01,Boston Celtics,27.6
1958-01-01,Cincinnati Royals,25.7
1958-01-01,Detroit Pistons,28.4
1958-01-01,Minneapolis Lakers,25.9
1958-01-01,New York Knicks,25.1
1958-01-01,Philadelphia Warriors,26.8
1958-01-01,St. Louis Hawks,28.0
1958-01-01,Syracuse Nationals,26.6
1958-01-01,League Average,26.7
1957-01-01,Boston Celtics,27.0
1957-01-01,Fort Wayne Pistons,26.7
1957-01-01,Minneapolis Lakers,25.5
1957-01-01,New York Knicks,27.0
1957-01-01,Philadelphia Warriors,26.7
1957-01-01,Rochester Royals,23.4
1957-01-01,St. Louis Hawks,27.7
1957-01-01,Syracuse Nationals,25.7
1957-01-01,League Average,26.3
1956-01-01,Boston Celtics,26.9
1956-01-01,Fort Wayne Pistons,27.2
1956-01-01,Minneapolis Lakers,26.8
1956-01-01,New York Knicks,26.8
1956-01-01,Philadelphia Warriors,25.6
1956-01-01,Rochester Royals,25.2
1956-01-01,St. Louis Hawks,25.7
1956-01-01,Syracuse Nationals,26.1
1956-01-01,League Average,26.3
1955-01-01,Baltimore Bullets,24.9
1955-01-01,Boston Celtics,26.7
1955-01-01,Fort Wayne Pistons,27.1
1955-01-01,Milwaukee Hawks,25.9
1955-01-01,Minneapolis Lakers,26.8
1955-01-01,New York Knicks,27.1
1955-01-01,Philadelphia Warriors,25.2
1955-01-01,Rochester Royals,29.0
1955-01-01,Syracuse Nationals,26.2
1955-01-01,League Average,26.5
1954-01-01,Baltimore Bullets,24.1
1954-01-01,Boston Celtics,26.4
1954-01-01,Fort Wayne Pistons,26.8
1954-01-01,Milwaukee Hawks,26.1
1954-01-01,Minneapolis Lakers,27.3
1954-01-01,New York Knicks,27.1
1954-01-01,Philadelphia Warriors,24.8
1954-01-01,Rochester Royals,29.2
1954-01-01,Syracuse Nationals,25.5
1954-01-01,League Average,26.3
1953-01-01,Baltimore Bullets,26.3
1953-01-01,Boston Celtics,25.4
1953-01-01,Fort Wayne Pistons,26.5
1953-01-01,Indianapolis Olympians,25.5
1953-01-01,Milwaukee Hawks,26.3
1953-01-01,Minneapolis Lakers,26.5
1953-01-01,New York Knicks,26.0
1953-01-01,Philadelphia Warriors,26.0
1953-01-01,Rochester Royals,29.2
1953-01-01,Syracuse Nationals,25.8
1953-01-01,League Average,26.5
1952-01-01,Baltimore Bullets,27.3
1952-01-01,Boston Celtics,24.9
1952-01-01,Fort Wayne Pistons,26.5
1952-01-01,Indianapolis Olympians,24.5
1952-01-01,Milwaukee Hawks,26.6
1952-01-01,Minneapolis Lakers,25.9
1952-01-01,New York Knicks,25.5
1952-01-01,Philadelphia Warriors,26.6
1952-01-01,Rochester Royals,28.9
1952-01-01,Syracuse Nationals,25.8
1952-01-01,League Average,26.3
